[{"BookName":"诡秘：女皇与战车","BookImg":"https://www.baka5.cc/files/article/image/333/333086/333086s.jpg"},{"BookName":"诡秘复苏：开局觉醒无想一刀","BookImg":"https://www.baka5.cc/files/article/image/398/398060/398060s.jpg"},{"BookName":"诡秘：不死人不死于传火","BookImg":"https://www.baka5.cc/files/article/image/401/401593/401593s.jpg"},{"BookName":"诡秘：从阅读者开始","BookImg":"https://www.baka5.cc/files/article/image/290/290642/290642s.jpg"},{"BookName":"全职手术刀：我在诡秘世界悬壶济世","BookImg":"https://www.baka5.cc/files/article/image/397/397310/397310s.jpg"},{"BookName":"诡秘之他来自卡尔克萨","BookImg":"https://www.xbiquer.com/uploads/allimg/c210831/163040A3G1210-24127.jpg"},{"BookName":"诡秘之主","BookImg":"https://www.xbiquer.com/uploads/allimg/c191026/15H0632C42a0-292F.jpg"},{"BookName":"大主宰","BookImg":"https://www.xbiquer.com/uploads/allimg/c200201/15P50LDO060-14Y5.jpg"},{"BookName":"斗破苍穹","BookImg":"https://www.xbiquer.com/uploads/2019/1-19102Q02FH62.jpg"},{"BookName":"剑来","BookImg":"https://www.xbiquer.com/uploads/allimg/c191026/15H0b21533S0-219D.jpg"},{"BookName":"雪中悍刀行","BookImg":"https://www.xbiquer.com/uploads/allimg/c200601/15Zc1133Wa0-19557.jpg"},{"BookName":"黎明之剑","BookImg":"http://www.pksge.com/files/article/image/34/34181/34181s.jpg"}]